cellID,x,y
16345,-438.9991425120781,-312.47584541062827
16347,-437.42858168761177,-334.3168581687612
16348,-432.65661810613966,-438.88665972944847
16349,-429.78178796561656,-411.28979369627433
16351,-412.91612510860085,-358.06863596872313
16352,-410.73889341479935,-310.5911676849964
16353,-404.5332234871178,-388.6584182145
16354,-406.5914469453375,-334.70002143622736
16355,-395.1422418710785,-430.60819167142034
16388,-442.32632930513563,-158.92602719033223
16389,-436.49150582362813,-194.0946339434276
16391,-439.5160928433271,-238.54237911025132
16392,-426.2688367584343,-271.76357115160897
16393,-429.42407648494736,-110.7094214808787
16394,-424.19120567375916,-219.08368794326213
16395,-427.28821656050917,-145.0764968152866
16396,-402.68683391003464,-227.78237024221423
16397,-402.32913649025033,-129.30708913649028
16427,-445.0134336283191,24.57703876106194
16428,-441.5685076252716,-93.71166557734205
16429,-445.8199632352941,60.272363970588245
16430,-438.33657781599265,-19.17726599570079
16431,-436.4829791894856,-65.14693647316538
16432,-436.14059294871726,81.2736322115385
16433,-431.53559748427733,46.82734860736747
16434,-425.74909909909894,5.873997106981977
16435,-419.10951195219116,-50.08951693227088
16436,-409.7819666474977,41.758508913168505
16437,-398.24528349788454,103.08395655853295
16438,-409.97391327063735,-93.8478014629051
16439,-401.39227983539115,-0.7525396460905351
16467,-443.1971352313169,210.2188434163702
16471,-443.3293999999997,176.9707833333332
16472,-443.52941244239634,111.12217396313372
16473,-420.8378070567219,143.92092451987475
16474,-429.57668433734926,245.77077590361432
16475,-428.3465805340222,216.3016365202414
16476,-429.236339181287,186.61028070175442
16477,-428.99694698354637,160.14261425959776
16478,-424.67610972568536,113.52784704904413
16479,-410.25801704545364,297.44253409090936
16480,-409.5873758865247,169.49955082742315
16481,-410.1936419172945,269.87144736842026
16482,-397.8966378482229,185.9504274735833
16507,-445.15047970479696,388.9366420664205
16508,-434.7852060634767,318.4182733301742
16509,-438.43897620764284,465.66198990627225
16510,-436.53803558718835,420.92069039145866
16511,-423.40073170731654,385.52374216027886
16512,-415.3492946362972,361.37587068332135
16513,-413.6994716618632,436.3499519692594
16514,-410.8309802631583,469.9941184210527
16515,-399.95421576128547,408.3128615149197
16544,-442.2457222222228,507.6807916666662
16545,-440.1591043397969,550.8998707294551
16547,-440.05879661016985,590.1350508474577
16550,-411.1718351741716,536.1225403568394
16551,-411.1874924012158,584.0890273556224
16553,-414.2014828137488,503.7849720223809
16554,-405.79492537313416,561.6541466580138
17800,-382.64774572649566,528.5955555555565
17803,-365.52100445009455,589.9042403051487
17805,-368.2167559808608,563.2519904306224
17806,-354.6532824074074,532.7907685185189
17809,-332.58079800498774,559.2234039900244
17810,-329.03488354620606,497.4265289256194
17813,-327.5714417744918,533.6517005545282
17814,-302.5948283499441,585.406408268733
17815,-308.91374100719395,549.2631474820143
17817,-310.3271834625324,570.0813436692508
17819,-298.68976989815195,509.3205922293482
17821,-289.53965738758023,555.3055674518198
17822,-273.495879230259,536.4391639017916
17823,-268.42208333333315,568.9496458333335
17828,-243.82344885410882,511.9942425936277
17830,-240.94440199335534,562.5414617940212
17831,-235.40280645161275,591.1504516129032
17834,-214.2304042179261,571.5249824253073
17836,-214.9439557739558,519.8891154791162
17838,-204.65043704474488,538.4628824141515
17840,-387.84252265860977,310.61031722054383
17841,-383.2938275862068,339.0747873563215
17842,-381.5049937499999,448.7248125000003
17843,-376.6637932192006,494.02201745552213
17844,-378.86258064516176,379.5147719688545
17845,-366.860519662921,420.9834831460673
17846,-354.9514610905242,301.6634092112235
17847,-348.55433285509315,465.97846484935417
17848,-355.92498884758385,359.825434944238
17849,-346.51346957311586,327.8090826521341
17850,-336.7589580010632,426.3886602870816
17851,-337.33470172684457,383.72890894819466
17852,-320.7216711111108,349.380666666667
17853,-308.82643564356465,386.994469589816
17854,-307.84943298969125,325.37460481099686
17855,-310.17681754874576,413.57103064066865
17856,-302.56801454138747,459.15550335570487
17857,-299.04852813852835,372.2252813852812
17858,-288.33014545454535,351.6908727272728
17859,-276.87518072289186,420.0424578313255
17860,-269.27721922246246,449.2718844492445
17861,-274.7025259259255,328.12614074074
17862,-269.07288859239515,396.7057104736487
17863,-263.28275346851683,369.643212379936
17864,-266.037823482428,495.08101038338737
17865,-241.89803900325055,320.16131094257844
17866,-241.25003249390724,357.82090982940696
17867,-234.53535714285712,387.210418367347
17868,-234.19104303086945,425.5377689429371
17869,-221.10616869492236,486.90858161980697
17870,-217.49584204413486,333.5888617886178
17871,-213.9851877607788,361.37182197496554
17872,-204.9607087486159,433.48840531561393
17873,-201.87365718799373,387.0580410742497
17874,-380.1716003787874,136.0175000000001
17875,-386.1573968393327,234.35393327480247
17876,-373.5584781230182,282.4195497780592
17877,-369.3475664095967,170.67354755784055
17878,-357.92215909090896,231.5605320247936
17879,-352.13126558005615,105.09389613294981
17880,-330.4574245565542,200.02509560009247
17881,-335.58950083194685,150.40323627287847
17882,-328.904424920128,256.12386581469644
17883,-307.6197697781497,123.637946839682
17884,-314.2596884984021,299.50675319488926
17885,-299.42118776671407,254.72719061166438
17886,-297.8336269841272,160.64534920634898
17887,-277.05422680412386,295.9773768613976
17888,-278.3358199847446,117.2201983218915
17889,-282.03146303901445,219.3508572895277
17890,-263.8482309582306,257.22406019656
17891,-259.7501290322582,187.1169870967739
17892,-257.7824712957902,124.24433406232906
17893,-248.31364593781328,289.54642928786313
17894,-246.10556778679,145.9737253765934
17895,-238.56241758241745,230.63517916865703
17896,-218.62073744437384,112.6367705022249
17897,-223.51467817896423,162.794678178964
17898,-220.59966498393803,284.6238916934378
17899,-216.14033313143574,195.8739491217442
17900,-205.22920394238056,226.52363912054585
17901,-198.76094213649853,140.82115727002966
17903,-400.15709701492506,-37.91737761194037
17904,-391.07891866913116,-71.07418022181146
17905,-385.1273215077608,70.97687095343676
17906,-383.4709117432531,31.459343690736734
17907,-376.96290255701444,-26.451490117484425
17908,-363.40085156250007,7.042187089062498
17909,-359.8283795440544,-65.7958638324092
17910,-356.01999204455115,38.64866428003186
17911,-348.33009523809517,-23.602362095238103
17912,-341.82912718204443,60.803743765586034
17913,-324.88218012866344,-42.999915654038546
17914,-330.5266666666668,19.74143214508138
17915,-329.90903800475087,-79.04047684085516
17916,-316.3593791786052,-4.007602119770775
17917,-307.8666602870813,96.51056682615628
17918,-308.34461747151335,65.84430548019537
17919,-304.7630391404452,39.500091327705285
17920,-297.44105950653125,-22.133466908563122
17921,-292.0923369823895,-75.21006853879102
17922,-281.72636498516306,-40.11031008902079
17923,-283.4906432360739,6.949010090450926
17924,-268.74244402985056,61.412293843283564
17925,-258.34867724867735,-80.49891005290999
17926,-257.5527165142554,85.92561430876799
17927,-255.19621766561488,17.71741128485802
17928,-256.09318385650243,-50.472017937219675
17929,-235.0808608385374,-23.61069591436221
17930,-226.71898227848084,48.66286632911382
17931,-225.3717605633804,-60.33442756539242
17933,-211.48588785046718,-81.0351063084112
17934,-217.9226811211,90.22860814383922
17935,-197.4294535928145,-17.90532381212576
17936,-200.7551075268817,1.8438792563172053
17937,-199.24710124826612,-54.20371428571437
17938,-400.7532498509237,-185.8410822898029
17939,-394.7819241192414,-256.13630081300846
17940,-397.53553291536065,-289.59071316614467
17941,-377.07670360110785,-103.10716989843027
17942,-374.7835059760955,-236.6729083665334
17943,-372.8855645889792,-144.04716350496832
17944,-369.32443609022584,-253.041052631579
17945,-372.2196672944134,-169.14456371625826
17946,-358.9590262901658,-197.3196007789679
17947,-367.9952450980384,-274.345519607843
17948,-353.9827315084446,-116.40398776936534
17949,-345.9038848039213,-250.02682598039212
17950,-349.6226128266034,-224.41831353919213
17951,-343.16061833688644,-279.40185501066065
17952,-340.0107661290324,-168.59806451612903
17953,-336.8582912621364,-135.3808640776699
17954,-323.11906371911596,-264.9863589076723
17955,-326.2598402948404,-217.9379606879608
17956,-322.75059042305895,-295.3988238028826
17957,-331.7030065359476,-191.73945845004684
17958,-316.13281874569225,-152.68285320468632
17959,-311.32554471032785,-106.66285831234259
17960,-308.7817118093175,-181.2953521126762
17961,-313.47625725338463,-242.7045067698257
17962,-293.66555176336743,-266.03556313993187
17963,-289.68436079545427,-142.1019957386364
17964,-287.05337628866005,-236.92664948453617
17965,-269.3145849056605,-171.35297641509433
17966,-270.5678367346941,-201.21515646258496
17967,-267.1636977299879,-294.90793906810006
17968,-270.39797108673986,-108.36179461615177
17969,-267.33504748982386,-246.20685210312087
17970,-257.3748062015504,-138.10889147286832
17971,-253.60579973118317,-208.36337365591385
17972,-244.20575714285724,-276.8210785714285
17973,-234.4782567791919,-238.24810182623142
17974,-234.74917547568728,-97.4927843551796
17975,-226.0512304075237,-200.2526175548589
17976,-224.02418967587,-127.5721428571428
17977,-231.6995053586149,-165.91338829348717
17978,-219.6270139634805,-270.4829860365196
17979,-209.70907692307702,-156.20857342657328
17980,-201.84921906693728,-247.67692697768777
17981,-201.32659969088104,-101.32977125193199
17982,-202.38727826086966,-215.4043826086953
17983,-202.44309803921533,-183.16932026143772
17984,-377.7182092893117,-381.38259653049806
17985,-382.0349049881234,-344.6144774346792
17988,-377.8128918918918,-308.54873873873896
17989,-357.8491269258988,-423.16264856933253
17990,-355.2685227272728,-300.1843257575756
17991,-351.5871477927066,-335.89332437619913
17992,-346.7725381047053,-378.0133664678593
17994,-330.679105199516,-431.08131197098
17995,-321.55591004184083,-406.8765481171547
17996,-312.73377280753346,-352.4562271924662
17997,-318.8254994511525,-383.52846322722274
17998,-318.59977611940343,-323.9504797441366
18000,-292.3065369059654,-431.7637310414567
18001,-292.59277562862684,-392.19421663443
18002,-293.83207105719237,-301.4577166377811
18003,-279.25214221422175,-340.4881998199818
18005,-254.41413575927243,-380.3998635409377
18006,-264.7745542427495,-410.55103114930176
18007,-255.2883967704728,-438.7837024221456
18008,-247.06174139051356,-310.8712735542559
18009,-251.57442691903262,-349.1972555205048
18011,-240.03696642685819,-416.5270263788968
18012,-219.81515912897822,-354.09517587939683
18013,-220.5388999999998,-311.10266923076887
18014,-222.6978779840849,-437.54708222811655
18016,-216.81754237288152,-398.1940986132509
18017,-216.397245508982,-337.6684131736526
18018,-196.83790204678363,-372.1101608187136
18020,-195.40053424657555,-335.661698630137
18021,-200.71434670116437,-422.58861578266516
19411,-184.90838187702224,-396.4716504854368
19412,-183.0943467122117,-305.4340819812124
19413,-178.1808244274809,-328.47227480916064
19415,-176.45959479015912,-431.0950578871201
19416,-173.09834128878282,-352.9847732696898
19417,-161.27800200803196,-372.8695582329319
19419,-151.82123737373726,-332.2610437710434
19420,-153.1385561195711,-408.87922165820646
19421,-139.31564537157757,-432.1871316818772
19423,-133.95164179104472,-381.32271855010697
19424,-127.62540365984924,-321.141776103337
19425,-118.3663197146562,-413.83033722438347
19426,-128.9828926353149,-353.7319609582962
19427,-114.10672679509636,-444.7170577933446
19428,-102.39697408400365,-360.06274352099996
19429,-98.49822751322748,-317.45154497354486
19430,-91.60851990049757,-430.4087686567165
19431,-89.77355440414503,-401.2816891191715
19433,-74.79317872340424,-381.37380141843926
19435,-73.47705194805197,-333.39107438016555
19437,-66.03870797413794,-359.6569719827583
19438,-64.35335450421246,-416.9057679844458
19439,-55.182181095406435,-314.1519346289755
19440,-46.15263470958718,-429.860314905528
19441,-45.15994676806096,-348.10186311787095
19443,-38.794673764258526,-297.1285779467683
19444,-32.694416978851926,-385.90620543806585
19445,-19.72039069377993,-440.83587320574134
19446,-19.61626421445555,-313.27350451735606
19448,-14.357192392274678,-416.0174248927038
19449,-10.025161618226596,-378.30938423645296
19450,-9.578163025823118,-353.500180761782
19451,-0.7105117202295551,-326.30902439024396
19452,-196.91345679012372,-279.53514403292155
19453,-191.03431789737166,-137.22563204005
19454,-183.09566974595842,-249.09727482678974
19455,-170.58929034248692,-102.11003085467459
19456,-184.64538461538456,-166.35513343799062
19457,-175.42043809523807,-187.0398666666668
19458,-179.71631535269714,-287.54639004149385
19459,-172.57207985143918,-221.21398328690788
19460,-164.82035479632083,-142.2340604467804
19461,-159.92995808885138,-261.322103939648
19462,-148.42823986674068,-295.97837867851206
19463,-155.04597428288818,-200.4687537091986
19464,-148.407894736842,-231.94578947368439
19465,-148.4337325905293,-167.62548746518092
19467,-138.85159800249696,-124.96453183520588
19468,-143.3008206106866,-90.040483778626
19469,-129.88233100233106,-195.6405944055944
19470,-121.37367975830824,-142.95617069486383
19471,-130.8543922018348,-232.45825688073398
19472,-126.00133419689121,-257.8862176165806
19473,-118.51431746031747,-109.10597619047623
19474,-115.7095593145871,-290.72761423550116
19475,-117.1080057803468,-210.41826589595382
19476,-111.14073893521477,-170.345522771007
19477,-100.67709445585231,-230.3033880903492
19478,-93.23320812182743,-284.46315736040617
19479,-81.41794533200193,-118.8210631552672
19480,-94.22292071611251,-250.30012787723788
19481,-93.36655287260605,-194.5137552039967
19482,-78.91009431524543,-210.23700258397912
19483,-78.32606773211569,-164.36079147640825
19484,-73.37033197437394,-297.0831624927198
19485,-72.37849881516587,-262.756623222749
19486,-52.499739969527845,-233.49364652107647
19487,-57.59299118165789,-199.7375044091713
19488,-45.09729991715,-265.51913835956924
19489,-52.430676573426496,-119.2806165501165
19490,-48.41956664434021,-173.72873409243152
19491,-6.147641911988928,-117.68536518995695
19492,-25.182305253512496,-195.1951802076971
19493,-16.911218243179118,-283.48040332147065
19494,-16.67395582061071,-231.81179389312987
19495,-7.638907967677584,-260.95199521149243
19496,-184.54485064011382,-71.50294736842109
19497,-177.42202334630375,-53.16048638132297
19498,-182.8353621068034,-28.079645501097325
19499,-168.4038688282979,28.32459314664697
19500,-162.88093137254896,-26.185372549019608
19501,-158.1341606425707,-47.96056385542165
19502,-162.6113371356147,93.50109442332074
19504,-146.46611494252883,57.42775938697311
19505,-144.68436594202913,25.720536956521716
19506,-142.9500175233646,96.96039369158892
19507,-130.72964887640447,2.6363703250000037
19508,-127.67455717970768,-56.239076526225254
19509,-121.03783562753009,-21.789393117408924
19510,-113.5292953244277,36.58825648854973
19512,-108.88594974226812,-92.79931701030941
19513,-106.56358193706578,95.4289476910505
19514,-95.26295616781476,-59.12180713838444
19515,-93.74961962365595,1.9907744274193544
19516,-82.8437725199544,-29.977696864310175
19517,-78.97849508196708,-76.77739426229509
19518,-70.1159706303725,31.031989971346736
19519,-73.2410166007906,64.43514308300401
19520,-65.65559582919562,3.14768117775571
19521,-66.4526133064516,96.12926169354832
19522,-51.30098121645797,-35.648661001788895
19523,-49.868933136094654,-82.62428994082849
19524,-41.252371289800344,64.737643820831
19525,-38.470990707648255,16.601694631879926
19526,-35.0207807692308,-12.873251057692276
19527,-32.12636239575444,-49.36860803639121
19528,-26.713144605116742,-93.99374582869864
19529,-21.532343124065765,42.708979073243626
19530,-10.724701043902428,7.9318095414634096
19531,-2.1749353787852077,92.7642522007042
19532,-6.91475587921196,-61.650820652174005
19533,3.341221438414101,61.188921585903046
19534,-181.96738831615116,203.7378636884311
19535,-182.25789300411526,168.0425514403292
19536,-179.19019298245644,113.28894561403523
19537,-181.18540958268918,249.9763446676971
19538,-160.12976278496618,296.72635859519363
19539,-159.9089224572005,150.97614300100702
19540,-150.3573098937041,260.6991986917416
19541,-155.97922807017537,207.0110058479533
19542,-150.22308048103585,183.5332469935249
19543,-156.42141774891786,234.12700216450196
19544,-139.38053153791643,134.78068745570513
19545,-132.69747844827592,219.82892241379318
19546,-125.69970432946134,174.6170538542765
19547,-122.78831263696146,248.55018991964985
19548,-109.60417288135594,121.83994915254196
19549,-105.37125190452008,295.98491112239714
19550,-106.50116238767671,255.23621309370998
19551,-99.45724377682406,186.53430901287555
19552,-98.87621930745007,212.57874081846768
19553,-80.23275938189839,132.965209713024
19554,-79.12763556851317,267.10403498542286
19555,-78.55644349680182,242.6410660980811
19556,-80.3918289676427,158.2388854648176
19557,-70.96994409547735,206.87124371859292
19558,-56.82974217717052,282.0407492287356
19559,-44.834210037174714,169.48644361833928
19560,-40.5668023094688,210.54057736720523
19561,-35.41057364061938,109.98215664386005
19562,-25.44437503900155,137.36127145085786
19563,-14.218371318619326,242.47610023232656
19564,-15.679019377608306,293.08220450606615
19565,1.678315999462364,170.21471505376337
19566,-194.3963537735851,308.93257547169827
19567,-192.0871075656203,481.5492074112192
19568,-180.88729059829055,416.9197948717954
19570,-170.0148724832214,381.74900671140944
19571,-163.2658418367347,436.5668176020411
19572,-152.21811811246099,482.2524837524723
19573,-146.9360318609702,355.5516075307746
19574,-140.77810467479696,404.5437296747962
19575,-141.17226950354626,504.85289361702087
19576,-133.29260328239974,307.2582908885112
19577,-133.052613138686,449.3832919708026
19578,-120.93976680972828,340.7772961373384
19579,-106.80572647257948,383.4922207176711
19580,-118.9633898305084,415.3615042372876
19581,-112.23533748204893,485.1145236955496
19582,-107.18345541838134,427.3776406035663
19583,-92.89158340113916,447.3777054515877
19584,-75.59514952463277,418.97205416306457
19585,-83.98004601861426,497.4110961737329
19586,-77.76814245810047,352.89459962756035
19587,-69.15837086513994,476.94732188295217
19588,-71.70488232830827,308.56044807370137
19589,-50.585889983579655,369.4727093596057
19590,-50.11406103993964,336.21254709871914
19591,-45.317248309178744,393.72482125603807
19592,-38.27236810431289,422.96093279839477
19593,-40.152855504587116,456.3203956422011
19594,-22.45348609112709,324.14744604316587
19595,-18.073234535901946,357.10962346760107
19596,-12.657506179155893,406.6785271317823
19597,-1.4376071377543844,484.60302690058535
19599,-194.3970579710144,565.6925652173911
19602,-180.60972093023213,520.3631686046514
19603,-181.12172727272738,585.2106868686873
19605,-166.33689655172432,561.3159271307726
19607,-145.62419396001698,536.2022203317741
19608,-149.8930959752321,591.1627450980395
19612,-133.87093655589112,572.8995166163148
19615,-107.2297901390643,536.7191529709231
19616,-112.56563569682152,589.933031784841
19618,-99.18475200000003,515.5970240000005
19619,-89.71438346253241,563.3119999999998
19622,-79.93446877748481,587.8722955145117
19624,-65.14019076751947,518.6647385984426
19626,-49.78363509471586,546.154745762712
19629,-51.14691500904152,581.2298372513562
19631,-36.041877121123434,503.64014043300176
19632,-15.747674748066276,534.9022983425414
19633,-21.418209115103114,581.5193213572854
20936,18.32323636816408,591.4963867187498
20937,19.251778963650416,531.4538592420738
20938,12.534461736628845,568.9522123176663
20944,45.142847005535934,512.3865626572723
20945,39.71096057619406,566.1805458680819
20948,52.58734965034969,594.7204895104895
20950,61.81156916099774,561.6012925170065
20951,56.40796942446039,541.8436330935258
20952,73.0905503778338,516.1627078085634
20954,83.9509095394737,573.9132236842107
20955,74.69287295081968,588.1457274590168
20956,88.26405925030241,551.2196856106409
20958,94.24030812854427,515.4805245746693
20960,105.42652114427864,589.5055348258708
20962,117.93989130434791,541.8084565217401
20963,119.8090809815953,569.9932699386501
20964,129.26340345604766,514.1997821187083
20968,146.94910714285714,593.3500714285716
20969,153.47420248328555,574.5731136580698
20970,161.69049601417186,539.2376793622668
20972,178.5144827586207,571.9345828698561
20975,204.2941330645163,559.650356182795
20976,10.236780393514062,339.76990319457883
20977,23.340633701426405,375.1209984579797
20978,15.807128887730965,445.9395405021307
20979,28.809502599277955,409.7147870036098
20980,33.90527512239851,334.2692451499114
20981,40.02481728045322,434.6073796033995
20982,39.949766429468404,301.531490163248
20983,37.98698633017878,479.8835962145121
20984,59.67547285067873,454.87527149321403
20985,66.06562007168456,385.98475268817236
20986,68.19934190371988,487.6957713347925
20987,62.70525414937757,414.23712655601685
20988,78.43842181818202,340.69344727272653
20989,80.1004981583793,433.563720073665
20990,98.7161620076238,463.9798538754761
20991,101.87962205882359,407.09862499999963
20992,111.60679182389944,381.6655283018869
20993,112.9464678638942,437.20518903591636
20994,120.25200994475107,340.71054880294633
20995,116.15397400346625,489.4508607741183
20996,134.13744732089094,442.0440758579173
20997,149.1391091314032,382.56792873051245
20998,148.225796178344,415.95347770700613
20999,151.01088133640562,497.37783410138235
21000,153.86178093645503,468.5503762541802
21001,161.38208029197068,445.9779744525548
21002,162.46160110420962,326.1095859213253
21003,163.07400375939875,357.4004041353382
21004,176.50577830188678,502.5838797169813
21005,178.96880293159614,422.93684853420166
21006,184.77330898466028,463.2772315558796
21007,188.72387755102082,389.4123840445266
21008,191.3877872183229,309.7284041374217
21009,197.80916666666664,361.0114666666668
21010,1.0752973043478276,197.85590445518002
21011,8.613362016467907,139.10994889267468
21012,13.17899224220518,271.62168097605064
21013,42.78598491265226,204.23943620963473
21014,38.93545130066548,154.07125831820937
21015,47.90449388586954,123.76585597826092
21016,45.987565140845064,101.17404137323942
21017,51.32129953679872,236.03863612969627
21018,64.21707468220352,258.09397775423764
21019,67.98811799065415,145.67218457943912
21020,80.23174043715859,295.4561168032784
21021,85.75706594110109,172.36656209987174
21022,82.98869731343295,109.91798985074621
21023,92.72057652173906,220.77832608695667
21024,99.96402052091568,140.18669297553305
21025,116.30386550670129,286.7545826475424
21026,114.123988394584,191.85060606060608
21027,132.10806927881904,235.7169789892109
21028,130.5358432147563,155.06711462450582
21029,135.048089133089,116.75200305250296
21030,146.719450980392,292.4303882352943
21031,144.49307332293287,196.70875975039
21032,156.34930215827342,225.00202158273342
21033,159.66111199364568,159.40924543288344
21034,170.64464968152853,277.6392265696088
21035,173.57897876643062,187.4249544994944
21036,168.77340704340688,123.7330712530713
21037,176.51939267886857,242.8571713810318
21038,199.4182237288137,173.98391186440682
21039,194.46419815281263,141.2802183039463
21040,6.743183805622477,-25.8282851048193
21041,5.2988383510204065,22.769484217687047
21042,28.4637466968326,43.256990497737654
21043,26.482100612423462,81.11292650918634
21044,30.708787128712874,-14.269003712871287
21045,37.09946399535419,-57.33730952380954
21046,30.05054591492236,7.906737993923027
21047,57.22003191489358,-14.91428656312058
21048,68.18172858036266,-32.246632270168874
21049,55.59740335128663,-91.8498090963496
21050,61.76067809364557,29.237643812709045
21051,61.77194562446898,76.78659600679707
21052,73.59273094170403,-53.34225411061279
21053,74.07793988439305,-79.15503930635856
21054,108.65409659863951,-78.8513768707485
21055,94.65827151051624,-42.77639579349905
21056,93.87483048852268,53.48812772218953
21057,108.82748860215081,97.68750967741926
21058,121.62670250896059,-39.89392353643966
21059,121.39076519916144,51.09408700209645
21060,130.62862595419858,75.87308481764208
21061,132.38892976588622,-56.84779598662202
21062,134.69944640753823,-9.874833365135446
21063,154.75406557377062,-9.705211531147548
21064,159.31621212121192,15.055913570075777
21065,160.6001363422659,95.50092759755528
21066,156.58549060542782,56.012323590814326
21067,153.61068441064637,-40.36799619771865
21068,178.2984347826088,-64.45853623188411
21069,177.38253994953754,34.72848780487807
21070,176.25396166134166,-21.630139217252392
21071,189.10380299251858,-41.4943640897756
21072,187.15366990291253,-89.28435339805823
21073,190.60733333333337,-5.8327667742424225
21074,192.67222609909282,68.3425359385903
21075,201.75325581395344,14.780628091655293
21076,12.104999746263658,-176.7996684867394
21077,8.674547508936554,-219.3147855227879
21078,19.313771265902577,-144.7936504297997
21079,37.82553183649983,-277.2517587795048
21080,39.59720669406928,-108.45283088667074
21081,42.35375304347818,-202.64970434782575
21082,43.684079268292685,-228.1854999999997
21083,58.601344479830075,-162.4863110403399
21084,54.87008356545963,-131.2655988857939
21085,69.88359476309239,-191.21619077306732
21086,75.03763669391456,-230.67413260672092
21087,80.49277494199532,-293.30420726991514
21088,83.47561960784307,-102.80405647058828
21089,93.01250630252078,-208.56165966386536
21091,99.8817189748201,-126.9100854316546
21092,98.90955291319857,-181.09587395957195
21093,102.55154347826078,-239.92472589792058
21094,101.26074344023321,-286.96550048590865
21095,109.34777911164466,-102.47777310924386
21096,117.38801724137942,-160.16187304075228
21097,124.34633114949403,-202.3811554496727
21098,128.87771339075965,-241.0870086139389
21099,124.09119680851072,-291.74091755319165
21100,124.4760152838428,-269.4500327510919
21101,139.46878644067792,-144.33656271186433
21102,152.01284181377662,-294.0693007961232
21103,145.0130395913154,-179.555772669221
21104,142.38090729783042,-115.95094674556209
21105,167.32975573280137,-100.86977268195406
21106,156.17655927835054,-255.3261469072167
21107,159.8356955645159,-218.19186995967755
21108,171.15418204182038,-131.26206642066427
21109,187.22193873438144,-167.56730753728343
21110,168.61158174097642,-158.37511677282362
21111,184.29783739837367,-261.08502439024403
21112,196.48771335504884,-202.5132964169381
21113,195.16510520487273,-232.883410852713
21115,21.09713953568355,-301.0408383490973
21116,16.173696756499144,-430.8987694973996
21117,22.903856996342693,-400.9516506256018
21118,22.731700141242943,-334.7585875706222
21119,37.389381410256405,-440.1567147435894
21120,32.26402581939798,-372.72440133779264
21122,48.35712224669604,-354.6390308370046
21123,54.54833354192739,-318.3212327909891
21124,54.65172391017175,-401.71142668428007
21125,58.08384512428303,-441.9866730401531
21127,71.50907659574472,-342.00628723404253
21128,74.4144006249999,-373.01411249999984
21129,78.14690894396549,-430.3675053879309
21130,81.4310693602693,-401.43241077441076
21131,81.06066290322588,-308.22901612903235
21132,87.86945290322575,-325.16763870967765
21135,100.98830728616696,-346.4399472016894
21137,106.0103797313798,-316.1133577533579
21138,125.44178780036987,-431.54843992606385
21139,108.12345720476708,-401.235601300109
21140,114.47959790438765,-373.02189259986875
21141,121.16513715710751,-309.33193682460546
21143,136.71999999999971,-335.30972157772635
21144,138.76854320987664,-362.3075308641977
21145,136.62525515743775,-395.08382193268204
21146,158.6556343656344,-368.90737262737235
21147,164.09082242990647,-438.51919626168234
21148,159.35720145852338,-401.69838650866063
21149,159.23087636932698,-327.939953051643
21151,191.3291282968261,-418.030523021904
21152,187.55919143496345,-337.86262064557343
21153,191.54970741901784,-381.6171786833853
21154,182.8141956393631,-297.1593576900412
22557,224.2569854782174,-426.78733099649435
22558,218.06614571092842,-317.2819741480611
22559,219.00407680945327,-353.871152141802
22560,222.51966972477058,-389.03951376146733
22563,241.7163943661972,-333.0716056338024
22564,242.04538557213908,-356.31661691542297
22566,245.99222390317703,-442.2846444780637
22568,258.7575452716299,-314.6305633802806
22569,259.84075794621054,-369.85814180929117
22570,259.29300736771563,-406.40563295378405
22572,278.0639376218325,-425.93630929174833
22573,271.0968589743592,-344.0382158119657
22575,282.3565418894824,-379.57256684491983
22576,301.5544444444443,-345.4444302901628
22577,308.7719361277448,-404.4469161676647
22578,301.58119850187296,-321.92089887640464
22579,317.9526198083072,-372.84349041533545
22580,310.1367034313728,-298.9421446078436
22582,309.89094944512954,-439.80143033292234
22583,325.1464333333335,-394.01036666666647
22584,352.82535390199723,-312.3152858439204
22585,348.55293087121214,-359.75500946969635
22586,339.37744680851057,-438.81273236282163
22589,359.8279130434781,-384.6275169082127
22591,377.3463659466327,-332.09250317662014
22592,389.5818558172741,-307.2096216987867
22593,395.7069768786129,-352.16823121387284
22595,208.37263333333337,-297.2935999999998
22596,214.1366163141993,-115.80270392749235
22598,215.0899413489736,-141.1003665689151
22599,221.02097733711048,-165.4800424929179
22600,219.04899248120316,-187.09213533834568
22601,224.91918013165744,-218.37620586475185
22602,229.3325835037497,-250.089720518064
22603,238.2412941176471,-293.65719607843175
22604,238.4707290400972,-135.12332320777628
22605,235.21864541832656,-272.1704183266933
22606,247.02091081593935,-172.27825426944983
22607,250.3390353260867,-197.01596467391312
22608,256.1969013112489,-231.8675086266394
22609,265.23538167938943,-296.440412213741
22610,265.3947587131369,-264.23603217158177
22611,264.3359530026107,-112.78091296779816
22612,265.48123031496027,-142.14743110236236
22613,278.722357142857,-203.66880612244898
22614,281.5067664092668,-183.51015444015445
22616,289.13850833333333,-123.87113333333322
22617,285.11004373177843,-246.7228717201166
22618,283.8413228346455,-223.75603149606297
22619,289.71708413926467,-281.3754303675048
22620,306.7168042010498,-102.54206376594156
22621,310.58034005037825,-211.4487657430728
22622,310.38774549680414,-242.9994596165025
22623,308.79825396825464,-157.79508928571448
22624,332.81260599793154,-261.1457807652537
22625,316.4125163934428,-186.89372950819663
22626,324.94264109985534,-126.33594066570187
22627,328.7921409921669,-153.2359530026109
22628,336.7736753445633,-287.0861868300151
22629,349.2059086491738,-158.24565597667643
22630,341.6965286103541,-224.63973841961837
22631,346.65429530201334,-188.88854586129784
22632,358.1092410119838,-278.75316910785625
22633,370.9701020408159,-255.01814139941703
22634,363.3252891692957,-138.95433228180852
22635,373.6360418743766,-223.8888334995016
22636,373.7899901671582,-199.70959685349055
22637,375.28178318135764,-175.64961499493415
22638,392.81896599012606,-127.25501316511257
22639,215.4001556016599,-53.1731846473029
22640,216.67642647058813,-16.280227639558838
22641,229.91130052724083,19.105552388693628
22642,222.50068125000027,-93.20608625000014
22643,221.72667707682663,62.804424109931354
22644,235.7277382875604,-82.37561227786755
22645,240.28774907749062,-16.744017766605165
22646,254.1673182552506,-93.31234491114719
22647,248.6193771626293,-53.36330657439449
22648,252.149046813311,72.75432882120701
22649,257.74966666666677,45.65964603174601
22650,260.53228304405917,24.562967757009343
22651,270.1414849921011,-86.31650868878361
22652,263.6328124999995,-21.817520729166667
22653,278.4192707045732,4.250154899876394
22654,277.7908700440533,66.25276982378861
22655,282.4141513292435,-47.2255276073619
22656,282.36694275274044,102.73346285018272
22657,282.2267198177677,-66.93710820045554
22658,287.3155138121548,-22.436944751381205
22659,288.8012307692308,-93.5141479289941
22660,296.14287739192054,53.350795889440114
22661,301.7868922108575,86.77221872541296
22662,309.64189438390576,-29.40200025146691
22663,306.1414564102565,6.6515621757948775
22664,309.5190194174758,-70.6961349514563
22665,312.7818665091552,33.60627288836384
22666,337.3481233779204,93.12832042323812
22667,331.4425657370515,-15.197640894820685
22668,346.7487739726032,43.28006917808218
22669,352.63562709030214,-95.12648515886295
22670,353.63656601123637,14.962151212078652
22671,359.2123833333326,-21.874487441666695
22672,376.1558048780497,-39.358128455284536
22673,385.1522308546059,29.68842730299668
22674,379.44885900570506,54.84383129584352
22675,393.2411247947451,-49.55546633825942
22676,384.44178378378433,-1.3836665794594591
22677,395.18187155963295,77.17394801223242
22678,207.91122033898247,107.98706623207295
22679,202.53898538961067,211.7083076298705
22680,217.5510385487528,240.59136054421748
22681,232.79608503100144,157.51201505757334
22682,234.5540115321252,265.75166392092285
22683,241.6222325809615,104.23625858684984
22684,245.28406532314102,206.56826268241852
22685,254.1504022662888,288.9755864022664
22686,259.0621782890008,176.09831775700917
22687,268.2162746087837,239.2048258455323
22688,272.6195496688742,130.3531986754963
22689,273.28859265734303,205.24450174825162
22690,289.4397396963127,274.9113738250182
22691,293.34350295857934,168.18558579881628
22692,290.4354596241755,300.5223209751144
22693,301.9795534787127,251.7818847352031
22694,301.34416912487666,203.57874139626327
22695,324.2529260318761,147.74664487127097
22696,322.37934770591494,222.00641238253212
22697,322.85352497643754,186.59559849198888
22698,339.1081796690308,258.4166572104019
22699,331.79125688073344,294.28073853210947
22700,350.65457746478853,190.9227112676056
22701,354.7570222563321,129.50877206446665
22702,360.8477034482759,219.47306206896545
22703,362.67497805092245,168.99859525899902
22704,372.65329827197627,262.7226821938388
22705,376.72665568369104,238.75439868204282
22706,376.8616782407399,139.98650462962968
22707,385.7332555425904,191.44784130688453
22708,385.1532383124282,103.81904732041058
22709,393.0750568678906,168.78207349081336
22710,392.33714431586156,286.23660313138237
22711,406.52896044624725,131.91812018255578
22713,214.46950058985402,425.36742430200513
22714,221.18156310679615,357.6725533980587
22715,228.36200542005432,324.8084010840105
22716,242.193101965602,396.58513513513526
22717,230.92558100084804,478.31272264631036
22718,243.6598934550988,357.21202435311966
22719,249.51346283783798,340.10841216216204
22720,257.1281992337164,375.4902298850572
22721,259.0155824339412,459.7807145515433
22722,270.5912870065789,322.8274136513156
22723,266.1909546666666,502.3711466666668
22724,281.11164649956817,393.34475367329316
22725,271.74641651031885,365.74429643527196
22726,275.94908517350143,428.7980063091477
22727,283.2133371691602,458.7856731875722
22728,288.361792717087,350.43229691876724
22729,297.0043431635388,491.79161394101885
22730,310.9433186119872,452.280864353312
22731,313.7879819471309,417.5426176660219
22732,312.03357798165166,357.60053735255525
22733,325.2534267133572,332.23716358178973
22734,315.1658109833972,381.06187739463655
22735,336.07781874039915,390.6242857142858
22736,341.0056011588605,489.5920907774015
22737,338.21668192219664,460.8151258581234
22738,352.53254570074483,312.25438727149634
22739,355.8326900584799,450.99012865497
22740,359.7382130281692,412.6229621478869
22741,349.3635356454723,364.3123603082855
22742,368.6166855524076,382.93523135033064
22743,378.2059058988763,342.03202247191035
22744,374.37370981038805,488.37831821929154
22745,379.707807881773,436.33733990147834
22746,388.26299288946325,314.38463477698815
22747,397.4139316811785,461.031446751507
22748,206.77368970814086,513.7447465437776
22751,229.00882113821132,588.9636517615168
22753,236.64032877882138,505.2107087959013
22756,241.5965857885611,557.6376169844025
22758,252.61645161290332,575.5824838709682
22759,261.536967930029,543.6699416909615
22761,274.50897916666685,595.0023124999992
22763,272.41145356662184,578.8458008075373
22764,296.26237369687266,570.548460304732
22765,296.22170771756987,528.3933169129716
22766,294.12341968911926,592.4195336787567
22768,315.8070544090057,556.7432270168853
22771,327.031011973735,515.2616222479736
22773,341.24806722689067,550.202941176471
22774,336.79473344103405,583.2432067851369
22776,361.7948916408671,564.1251702786374
22777,367.1793202614386,593.7524052287581
22778,361.2205671296293,511.5661574074074
22779,379.247290388548,579.2944478527595
22780,378.212012667136,541.8020408163271
22782,393.05125960969855,506.1104671791837
24052,405.08944217687065,570.3497414965985
24054,419.77168831168825,591.7943722943725
24056,415.4513532110089,532.7577522935776
24058,438.1747895335608,586.3458475540386
24059,436.8303748125943,557.2043178410794
24061,446.0912086956523,512.0253999999994
24063,462.99069999999915,582.6439692307683
24064,451.63818571428595,534.3364428571433
24066,472.89470741222436,517.1576592977891
24068,480.47785987261165,565.2566496815297
24069,481.414425483504,542.55992036405
24073,502.97821723730834,522.5147343565529
24074,495.67339498018515,586.8587450462347
24077,518.9160202205877,554.9926286764709
24078,519.7549463519313,583.3117596566532
24079,525.2205892793756,517.1175541356062
24083,555.8298563065458,573.2113145290053
24087,577.7979437160227,539.8893380236653
24088,585.5212307692308,503.06250641025724
24090,400.63664561957364,386.00209155485385
24091,416.387541561713,361.85051385390403
24092,419.2315436893209,475.9155825242718
24093,417.36824376199684,433.6051631477927
24094,413.9270592948722,412.71348557692323
24095,422.115368632708,502.3320710455762
24096,430.8250909090908,392.1064628099176
24097,432.89601133144515,333.4733541076488
24098,443.2969647696472,485.48846883468826
24099,438.9318093819808,447.5368354430377
24100,448.0883288409705,386.0567924528302
24101,459.75860805860816,374.12423076923096
24102,455.13476470588205,415.61859803921516
24103,458.5134643226474,308.72669079627707
24104,466.2309776207303,347.3430212014138
24105,462.47653167185786,473.1288161993771
24106,472.16822252374465,322.85990502035287
24107,482.9929622344611,496.4516443745083
24108,472.95432432432403,454.8330145530146
24109,475.7198505747122,432.80213793103485
24110,475.4281135707415,391.8736188642922
24111,483.47251396648073,355.36768156424586
24112,491.78886451612914,377.180206451613
24113,496.4238793969852,411.9889447236174
24114,498.96462633451966,357.93137010676145
24115,503.59932914046163,443.2084486373168
24116,508.6478082191779,329.6317808219178
24117,506.7086117136656,467.50640997830806
24118,515.2142531120335,397.5366390041494
24119,529.0843954802267,353.5618870056491
24120,524.7941198979593,314.100586734694
24121,529.8369981916828,438.0435864978906
24122,536.2683888888886,393.5737301587308
24123,544.9159521276599,496.96989893617086
24124,545.6794814814815,309.0427209876545
24126,559.6514858031907,444.4770167250102
24127,555.9772522080474,392.03370951913666
24128,569.6869343065695,338.03479014598554
24129,572.4050998463895,376.69440860215
24130,580.8095332278483,414.24066455696203
24131,589.2079494382019,457.0000187265923
24132,589.2252567237157,358.10938875305663
24133,592.4808520179371,331.89616591928245
24134,404.59263759086144,207.50238836967796
24135,418.3197766749385,235.79535980148898
24136,420.6367722602733,270.0449143835617
24137,426.58686206896476,162.44933333333353
24138,427.58036948748526,303.940393325387
24139,432.9119956616052,120.25490238611721
24140,428.9371762870516,211.7423088923558
24141,441.16877813504766,251.34140675241196
24142,440.36983418367333,190.9332780612244
24143,448.9102982731555,214.14585557299839
24144,463.1414342235414,235.72363996043492
24145,462.8968934531452,122.25542362002578
24146,468.3774970131426,183.3395101553164
24147,465.57987234042525,201.32234042553196
24148,462.69818774445883,291.5401043024773
24149,462.8726504854375,154.5478155339805
24150,468.84941885964963,265.45747807017517
24151,488.172864651774,155.60310118265443
24152,500.00918896321093,179.98626254180596
24153,489.7891409691636,118.59174449339228
24154,494.46509316770147,298.1232049689449
24155,496.1752735923864,258.12618556701017
24156,516.8727853598003,152.47677419354804
24157,512.764663212436,105.45255731865305
24158,513.9202441150826,289.7363469921533
24159,524.1609730700164,202.3812531418313
24160,527.0897211155385,272.43243027888474
24161,532.0420968858127,251.2009619377162
24162,534.7406495726492,137.54018803418793
24163,547.7900456100341,111.82432155074093
24164,547.9978947368422,169.64913360323862
24165,551.0522799097066,236.75282919488342
24166,554.5674698795178,282.0469176706831
24167,555.1769552669547,209.76847041847043
24168,565.7360342368047,181.86945791726112
24169,570.1903181534623,107.35110729881468
24170,570.5027592116522,301.85686375321336
24171,575.9966612772848,150.40649959579676
24172,572.8796412556053,267.08576233183857
24173,580.7782962447844,201.19621001390823
24174,579.4296488764047,239.2344522471912
24175,589.7483082373784,302.6161204605844
24176,592.8353914988816,278.0230648769571
24179,400.1031587301584,-76.64491269841268
24181,414.82227941176507,-25.42333823529413
24182,413.68035487959395,5.339099993029146
24183,419.25763745236816,41.644903102885145
24184,423.86459747817565,88.73276479146453
24185,441.53222508038596,-84.72402893890674
24186,441.89189355168855,-57.530356192425835
24187,448.5113928914509,7.5060576042267
24188,443.706075837743,-22.69850149911819
24189,447.87900541272,62.7020615696887
24190,455.6659390862945,27.61039086294415
24191,459.9525470085478,92.49194472934485
24192,469.8847061965809,-29.96643568376074
24193,475.1302056555269,41.263491002570746
24194,474.19847426470636,-69.94795036764698
24195,485.85629188384115,69.77092926284432
24196,487.35305623472016,7.114849395476772
24197,496.8550886917962,-47.44299334811528
24198,500.5324867724872,38.053140211640205
24199,499.4913942307691,-77.26513942307689
24200,504.0958010335916,-28.763356589147268
24201,512.4802747252752,78.52051318681315
24202,512.5638360655737,-8.14029176721311
24203,519.7203470437014,16.21505218508996
24204,526.0616066838044,34.64814524421593
24205,527.0181861804223,60.890793666026894
24206,534.8342630057804,-5.031134390173414
24207,540.0257812500001,-30.454906249999976
24208,547.6320417633412,61.819146171693745
24209,551.4152267818575,31.717107991360702
24210,553.6838682071032,84.10294694052213
24211,553.3937679558019,-0.518164925966851
24212,571.407352941176,46.79227890466532
24213,576.2446219382307,-6.3526718881789135
24214,578.0473424971368,22.160941351660934
24215,573.2429331941537,-32.82265762004173
24216,585.1314799154331,-78.40171035940797
24217,592.1752605863189,57.658903908794784
24219,403.6163726884784,-277.05347083926046
24220,401.0625629077358,-253.7812861137
24222,409.3602382485508,-222.01027044430145
24223,419.880712050078,-148.59352895148675
24224,418.7918846153847,-175.9598589743591
24226,440.2713361408875,-103.7104888973965
24227,432.4275923718717,-283.53514898688917
24228,442.61400569800537,-184.9671794871793
24229,455.0527962662338,-134.4367167207794
24230,435.3825102459009,-236.013514344262
24231,442.3740194489464,-259.44419773095643
24232,447.19830840045995,-213.83322209436108
24233,455.5302890173404,-285.43736994219637
24234,466.3613484358149,-156.34141316073348
24235,464.85383956386266,-245.17589563862919
24236,473.65794050343214,-208.69464530892463
24237,476.14346828610013,-274.24924426450747
24238,477.8315750915754,-176.90080586080606
24239,494.51430555555567,-136.56382812500016
24240,485.5052555205053,-103.46724921135642
24241,495.4678419243988,-244.0942611683849
24242,502.3822700587082,-269.5407925636011
24243,497.0604639175262,-188.4690077319588
24244,501.38108798486314,-215.16927152317902
24245,506.74694852941184,-102.72827757352951
24246,504.4932245681385,-161.10737044145887
24247,516.1928689883911,-185.96043117744617
24248,522.706025641025,-239.91114316239282
24249,526.6137516512556,-137.01060105680313
24250,529.9317905405409,-285.46834459459456
24251,550.7854728546417,-219.7735770577929
24252,536.6949399198938,-160.7867823765018
24253,537.8367529411762,-187.7033647058821
24254,557.4175624256835,-251.11336504161747
24255,549.0316463414638,-169.56447154471545
24256,560.8315139784934,-294.00388817204305
24257,575.7231230116654,-196.72125132555644
24258,567.7649054224466,-138.12527742749032
24259,573.718515625,-171.9788411458335
24260,578.1314420358153,-101.49316965127234
24261,591.9719092827005,-232.54940928270028
24262,593.3473000000001,-141.11642500000005
24263,593.0094105691056,-166.87048780487817
24264,408.9371961325968,-442.22031767955747
24265,406.03540504648055,-387.2074236387783
24266,413.27144591611517,-300.34974613686563
24268,429.84591441441404,-338.7132747747754
24269,421.7417446808503,-427.1802340425533
24270,424.53438336856965,-374.0026920366452
24272,437.17594339622667,-409.89430188679313
24274,443.81009567387673,-311.33515806988413
24276,452.1691374999997,-433.24029999999925
24277,456.4112432432429,-379.60156756756834
24278,468.1095222222222,-349.8084666666664
24279,469.44614775725614,-415.5190633245377
24280,475.00706666666696,-325.4652
24281,479.2435247747757,-391.07744369369385
24282,478.9057884490589,-298.3675340687865
24283,499.72338041002257,-440.5096264236895
24284,493.194828934507,-363.45465298142716
24285,500.3796002190586,-306.9745947426066
24286,504.18765729584936,-407.8872780008942
24287,504.397467700259,-339.8575452196385
24288,523.1643810548976,-404.25459634015084
24289,519.4528403141363,-364.75344240837677
24290,532.876071428572,-316.69432773109264
24291,536.7069387755108,-344.54633540372663
24292,548.4230597609559,-423.5833864541835
24293,548.0443559718973,-393.8642037470723
24294,552.3522232472325,-369.97569188191926
24297,567.9942578849722,-327.6825974025969
24298,574.8568610301257,-353.72159378036935
24299,579.0204036243814,-413.89232289950587
24300,584.3591327433629,-383.51906194690264
24302,591.7338377535103,-436.81833073322923
25626,589.6762514484361,-302.22447276940886
25706,589.91877269881,94.39377207263624
25707,593.7442026078234,-34.0756810641926
